{"train/examples_query": 2858240, "train/examples_doc": 40071792, "train/batch_size_query": 128, "train/batch_size_doc": 3960, "train/loss_no_truncate": 0.17381365597248077, "_timestamp": 1761718598.1299222, "_runtime": 18033.066536188126, "_step": 22332, "train/gradient_norm": 2.634305715560913, "epoch": 0, "lr": 1.184336942758324e-09, "loss": 0.17381365597248077, "iter_time": 0.6387118072509766, "iter_tflops": 24.813201487393947, "seqlen": 6336.0, "step_time": 0.5951682205200195, "step_tflops": 26.628580322801223, "_wandb": {"runtime": 18037}}