{"train/examples_query": 2858240, "train/examples_doc": 40070336, "train/batch_size_query": 128, "train/batch_size_doc": 1400, "train/loss_no_truncate": 0.017819594591856003, "_timestamp": 1761771486.9645138, "_runtime": 17765.57301568985, "_step": 22332, "train/gradient_norm": 1.0675112009048462, "epoch": 0, "lr": 1.184336942758324e-09, "loss": 0.017819594591856003, "iter_time": 0.4476111602783203, "iter_tflops": 46.091552983879566, "seqlen": 8192.0, "step_time": 0.40605093002319337, "step_tflops": 50.80912758644728, "_wandb": {"runtime": 17769}}